2006,female,0
2006,female,0
2006,female,0
2006,female,0
2006,female,0
2006,female,0
2006,female,0
2006,female,0
2006,female,0
2006,female,0
2006,female,0
2006,female,0
2006,female,175
2006,female,115
2006,female,160
2006,female,105
2006,female,31
2006,female,26
2006,female,8
2006,female,2
2006,female,5
2006,female,2
2006,female,0
2006,female,0
2006,female,2
2006,female,0
2006,female,0
2006,female,0
2006,female,0
2006,female,0
2006,female,195
2006,female,115
2006,female,41
2006,female,74
2006,female,68
2006,female,1
2006,female,81
2006,female,91
2006,female,91
2006,female,18
2006,female,16
2006,female,0
2006,female,0
2006,female,0
2006,female,0
2006,female,0
2006,female,0
2006,female,0
2006,female,5
2006,female,3
2006,female,3
2006,female,0
2006,female,0
2006,female,0
2006,female,0
2006,female,0
2006,female,0
2006,female,0
2006,female,0
2006,female,0
2006,female,167
2006,female,229
2006,female,64
2006,female,50
2006,female,27
2006,female,3
2006,female,1
2006,female,1
2006,female,0
2006,female,0
2006,female,0
2006,female,0
2006,female,708
2006,female,265
2006,female,387
2006,female,333
2006,female,47
2006,female,61
2006,female,71
2006,female,73
2006,female,53
2006,female,17
2006,female,11
2006,female,0
2006,female,362
2006,female,187
2006,female,118
2006,female,86
2006,female,46
2006,female,18
2006,female,127
2006,female,74
2006,female,49
2006,female,33
2006,female,8
2006,female,6
2006,female,197
2006,female,96
2006,female,90
2006,female,33
2006,female,40
2006,female,4
2006,female,18
2006,female,2
2006,female,10
2006,female,14
2006,female,6
2006,female,5
2006,female,48
2006,female,90
2006,female,67
2006,female,11
2006,female,6
2006,female,1
2006,female,39
2006,female,91
2006,female,98
2006,female,27
2006,female,17
2006,female,1
2006,female,3
2006,female,3
2006,female,1
2006,female,0
2006,female,0
2006,female,0
2006,female,41
2006,female,90
2006,female,95
2006,female,20
2006,female,12
2006,female,0
2006,female,71
2006,female,25
2006,female,57
2006,female,15
2006,female,9
2006,female,1
2006,female,153
2006,female,49
2006,female,46
2006,female,18
2006,female,4
2006,female,28
2006,female,61
2006,female,24
2006,female,23
2006,female,5
2006,female,1
2006,female,4
2006,female,18
2006,female,17
2006,female,12
2006,female,5
2006,female,4
2006,female,0
2006,female,5
2006,female,2
2006,female,1
2006,female,1
2006,female,0
2006,female,0
2006,female,104
2006,female,78
2006,female,33
2006,female,24
2006,female,19
2006,female,1
2006,female,451
2006,female,862
2006,female,1130
2006,female,255
2006,female,124
2006,female,8
2006,female,2
2006,female,5
2006,female,3
2006,female,1
2006,female,1
2006,female,1
2006,female,611
2006,female,826
2006,female,832
2006,female,154
2006,female,112
2006,female,9
2006,female,9
2006,female,25
2006,female,12
2006,female,17
2006,female,4
2006,female,1
2006,female,0
2006,female,0
2006,female,0
2006,female,0
2006,female,0
2006,female,0
2006,female,30
2006,female,2
2006,female,17
2006,female,14
2006,female,3
2006,female,5
2006,female,20
2006,female,11
2006,female,12
2006,female,3
2006,female,4
2006,female,0
2006,female,118
2006,female,227
2006,female,187
2006,female,52
2006,female,15
2006,female,1
2006,female,6
2006,female,3
2006,female,1
2006,female,0
2006,female,0
2006,female,0
2006,female,18
2006,female,30
2006,female,16
2006,female,12
2006,female,2
2006,female,2
2006,female,13
2006,female,31
2006,female,18
2006,female,15
2006,female,10
2006,female,1
2006,female,160
2006,female,274
2006,female,298
2006,female,86
2006,female,41
2006,female,0
2006,female,0
2006,female,0
2006,female,0
2006,female,0
2006,female,0
2006,female,0
2006,female,1639
2006,female,2866
2006,female,2193
2006,female,1133
2006,female,635
2006,female,20
2006,female,53
2006,female,181
2006,female,106
2006,female,121
2006,female,190
2006,female,24
2006,female,5
2006,female,1
2006,female,3
2006,female,2
2006,female,0
2006,female,0
2006,female,7
2006,female,16
2006,female,34
2006,female,22
2006,female,13
2006,female,5
2006,female,22
2006,female,27
2006,female,22
2006,female,8
2006,female,1
2006,female,0
2006,female,37
2006,female,59
2006,female,70
2006,female,19
2006,female,10
2006,female,1
2006,female,12
2006,female,4
2006,female,1
2006,female,1
2006,female,0
2006,female,0
2006,female,3
2006,female,2
2006,female,0
2006,female,0
2006,female,0
2006,female,0
2006,female,3
2006,female,9
2006,female,5
2006,female,8
2006,female,3
2006,female,1
2006,female,287
2006,female,137
2006,female,161
2006,female,52
2006,female,11
2006,female,61
2006,female,0
2006,female,0
2006,female,0
2006,female,0
2006,female,0
2006,female,0
2006,female,141
2006,female,207
2006,female,43
2006,female,51
2006,female,34
2006,female,3
2006,female,28
2006,female,52
2006,female,24
2006,female,23
2006,female,8
2006,female,4
2006,female,61
2006,female,35
2006,female,21
2006,female,18
2006,female,6
2006,female,0
2006,female,7
2006,female,3
2006,female,1
2006,female,1
2006,female,1
2006,female,0
2006,female,28
2006,female,8
2006,female,18
2006,female,10
2006,female,5
2006,female,0
2006,female,146
2006,female,10
2006,female,91
2006,female,39
2006,female,88
2006,female,28
2006,female,106
2006,female,277
2006,female,302
2006,female,82
2006,female,78
2006,female,13
2006,female,12
2006,female,4
2006,female,3
2006,female,1
2006,female,2
2006,female,0
2006,female,2
2006,female,2
2006,female,1
2006,female,0
2006,female,0
2006,female,0
2006,female,700
2006,female,895
2006,female,1036
2006,female,490
2006,female,285
2006,female,20
2006,female,63
2006,female,188
2006,female,160
2006,female,36
2006,female,33
2006,female,1
2006,female,1401
2006,female,1719
2006,female,2189
2006,female,974
2006,female,869
2006,female,75
2006,female,0
2006,female,0
2006,female,0
2006,female,0
2006,female,0
2006,female,0
2006,female,1
2006,female,0
2006,female,0
2006,female,0
2006,female,0
2006,female,0
2006,female,122
2006,female,158
2006,female,103
2006,female,25
2006,female,14
2006,female,0
2006,female,0
2006,female,0
2006,female,0
2006,female,0
2006,female,0
2006,female,0
2006,female,19
2006,female,39
2006,female,55
2006,female,24
2006,female,3
2006,female,1
2006,female,0
2006,female,0
2006,female,0
2006,female,0
2006,female,0
2006,female,0
2006,female,21
2006,female,45
2006,female,33
2006,female,7
2006,female,8
2006,female,0
2006,female,5
2006,female,24
2006,female,29
2006,female,23
2006,female,9
2006,female,7
2006,female,144
2006,female,217
2006,female,245
2006,female,87
2006,female,39
2006,female,3
2006,female,333
2006,female,51
2006,female,194
2006,female,111
2006,female,198
2006,female,11
2006,female,11
2006,female,5
2006,female,6
2006,female,5
2006,female,1
2006,female,0
2006,female,143
2006,female,49
2006,female,94
2006,female,51
2006,female,41
2006,female,2
2006,female,108
2006,female,149
2006,female,129
2006,female,34
2006,female,23
2006,female,3
2006,female,339
2006,female,147
2006,female,27
2006,female,139
2006,female,91
2006,female,13
2006,female,6
2006,female,7
2006,female,5
2006,female,8
2006,female,0
2006,female,0
2006,female,62
2006,female,23
2006,female,16
2006,female,2
2006,female,7
2006,female,4
2006,female,333
2006,female,563
2006,female,540
2006,female,170
2006,female,98
2006,female,9
2006,female,2
2006,female,6
2006,female,5
2006,female,1
2006,female,0
2006,female,0
2006,female,397
2006,female,238
2006,female,138
2006,female,86
2006,female,74
2006,female,3
2006,female,3376
2006,female,1536
2006,female,932
2006,female,421
2006,female,661
2006,female,66
2006,female,47
2006,female,56
2006,female,13
2006,female,14
2006,female,6
2006,female,0
2007,female,3
2007,female,13
2007,female,8
2007,female,9
2007,female,14
2007,female,0
2007,female,0
2007,female,0
2007,female,0
2007,female,0
2007,female,0
2007,female,0
2007,female,146
2007,female,126
2007,female,108
2007,female,155
2007,female,31
2007,female,34
2007,female,8
2007,female,8
2007,female,1
2007,female,3
2007,female,0
2007,female,0
2007,female,1
2007,female,0
2007,female,0
2007,female,0
2007,female,0
2007,female,0
2007,female,219
2007,female,118
2007,female,90
2007,female,66
2007,female,33
2007,female,4
2007,female,80
2007,female,109
2007,female,88
2007,female,25
2007,female,15
2007,female,0
2007,female,1
2007,female,5
2007,female,5
2007,female,2
2007,female,1
2007,female,0
2007,female,1
2007,female,0
2007,female,0
2007,female,0
2007,female,0
2007,female,0
2007,female,3
2007,female,2
2007,female,1
2007,female,0
2007,female,0
2007,female,0
2007,female,0
2007,female,0
2007,female,0
2007,female,0
2007,female,0
2007,female,0
2007,female,70
2007,female,127
2007,female,163
2007,female,56
2007,female,37
2007,female,3
2007,female,232
2007,female,166
2007,female,76
2007,female,40
2007,female,22
2007,female,1
2007,female,1
2007,female,1
2007,female,0
2007,female,0
2007,female,0
2007,female,0
2007,female,723
2007,female,275
2007,female,392
2007,female,379
2007,female,51
2007,female,51
2007,female,70
2007,female,82
2007,female,58
2007,female,15
2007,female,9
2007,female,5
2007,female,400
2007,female,188
2007,female,116
2007,female,113
2007,female,52
2007,female,15
2007,female,90
2007,female,74
2007,female,128
2007,female,42
2007,female,9
2007,female,9
2007,female,208
2007,female,105
2007,female,82
2007,female,40
2007,female,16
2007,female,3
2007,female,20
2007,female,11
2007,female,9
2007,female,3
2007,female,1
2007,female,0
2007,female,45
2007,female,84
2007,female,45
2007,female,11
2007,female,11
2007,female,2
2007,female,49
2007,female,87
2007,female,93
2007,female,22
2007,female,15
2007,female,0
2007,female,2
2007,female,1
2007,female,1
2007,female,0
2007,female,0
2007,female,0
2007,female,49
2007,female,72
2007,female,73
2007,female,21
2007,female,15
2007,female,0
2007,female,33
2007,female,71
2007,female,55
2007,female,15
2007,female,6
2007,female,0
2007,female,135
2007,female,53
2007,female,19
2007,female,42
2007,female,23
2007,female,2
2007,female,57
2007,female,22
2007,female,2
2007,female,8
2007,female,14
2007,female,9
2007,female,13
2007,female,17
2007,female,11
2007,female,3
2007,female,2
2007,female,0
2007,female,2
2007,female,1
2007,female,0
2007,female,0
2007,female,0
2007,female,0
2007,female,83
2007,female,89
2007,female,31
2007,female,24
2007,female,17
2007,female,0
2007,female,461
2007,female,832
2007,female,1091
2007,female,204
2007,female,114
2007,female,6
2007,female,5
2007,female,6
2007,female,7
2007,female,1
2007,female,1
2007,female,0
2007,female,595
2007,female,796
2007,female,742
2007,female,145
2007,female,110
2007,female,9
2007,female,11
2007,female,12
2007,female,20
2007,female,12
2007,female,5
2007,female,0
2007,female,1
2007,female,0
2007,female,0
2007,female,0
2007,female,0
2007,female,0
2007,female,34
2007,female,12
2007,female,1
2007,female,7
2007,female,3
2007,female,7
2007,female,2
2007,female,15
2007,female,9
2007,female,4
2007,female,9
2007,female,3
2007,female,132
2007,female,199
2007,female,196
2007,female,32
2007,female,12
2007,female,0
2007,female,1
2007,female,2
2007,female,2
2007,female,1
2007,female,1
2007,female,0
2007,female,45
2007,female,19
2007,female,15
2007,female,13
2007,female,3
2007,female,1
2007,female,7
2007,female,23
2007,female,13
2007,female,10
2007,female,10
2007,female,0
2007,female,171
2007,female,274
2007,female,295
2007,female,84
2007,female,36
2007,female,4
2007,female,1691
2007,female,3108
2007,female,2303
2007,female,1084
2007,female,596
2007,female,16
2007,female,50
2007,female,203
2007,female,140
2007,female,210
2007,female,88
2007,female,30
2007,female,7
2007,female,6
2007,female,1
2007,female,0
2007,female,0
2007,female,0
2007,female,7
2007,female,41
2007,female,31
2007,female,19
2007,female,8
2007,female,10
2007,female,27
2007,female,27
2007,female,26
2007,female,7
2007,female,6
2007,female,2
2007,female,40
2007,female,60
2007,female,46
2007,female,17
2007,female,10
2007,female,4
2007,female,10
2007,female,9
2007,female,2
2007,female,2
2007,female,2
2007,female,0
2007,female,1
2007,female,1
2007,female,0
2007,female,0
2007,female,0
2007,female,0
2007,female,1
2007,female,0
2007,female,0
2007,female,0
2007,female,0
2007,female,0
2007,female,11
2007,female,7
2007,female,9
2007,female,2
2007,female,1
2007,female,0
2007,female,272
2007,female,173
2007,female,202
2007,female,48
2007,female,14
2007,female,53
2007,female,7
2007,female,12
2007,female,10
2007,female,3
2007,female,0
2007,female,0
2007,female,124
2007,female,171
2007,female,41
2007,female,48
2007,female,22
2007,female,4
2007,female,55
2007,female,23
2007,female,14
2007,female,7
2007,female,18
2007,female,1
2007,female,62
2007,female,39
2007,female,21
2007,female,13
2007,female,14
2007,female,0
2007,female,6
2007,female,7
2007,female,5
2007,female,2
2007,female,1
2007,female,0
2007,female,33
2007,female,14
2007,female,5
2007,female,9
2007,female,7
2007,female,0
2007,female,158
2007,female,89
2007,female,43
2007,female,98
2007,female,5
2007,female,13
2007,female,269
2007,female,304
2007,female,83
2007,female,73
2007,female,71
2007,female,12
2007,female,62
2007,female,101
2007,female,75
2007,female,18
2007,female,11
2007,female,2
2007,female,14
2007,female,15
2007,female,6
2007,female,6
2007,female,2
2007,female,0
2007,female,2
2007,female,1
2007,female,1
2007,female,0
2007,female,0
2007,female,0
2007,female,743
2007,female,984
2007,female,908
2007,female,1297
2007,female,467
2007,female,28
2007,female,67
2007,female,144
2007,female,159
2007,female,45
2007,female,24
2007,female,7
2007,female,1358
2007,female,1738
2007,female,2176
2007,female,1051
2007,female,949
2007,female,69
2007,female,0
2007,female,0
2007,female,0
2007,female,0
2007,female,0
2007,female,0
2007,female,90
2007,female,169
2007,female,92
2007,female,22
2007,female,12
2007,female,0
2007,female,1
2007,female,0
2007,female,0
2007,female,0
2007,female,0
2007,female,0
2007,female,17
2007,female,40
2007,female,46
2007,female,18
2007,female,10
2007,female,0
2007,female,0
2007,female,0
2007,female,0
2007,female,0
2007,female,0
2007,female,0
2007,female,21
2007,female,31
2007,female,32
2007,female,7
2007,female,8
2007,female,0
2007,female,7
2007,female,38
2007,female,28
2007,female,11
2007,female,18
2007,female,2
2007,female,146
2007,female,248
2007,female,275
2007,female,97
2007,female,30
2007,female,5
2007,female,2
2007,female,10
2007,female,6
2007,female,4
2007,female,7
2007,female,3
2007,female,129
2007,female,97
2007,female,34
2007,female,35
2007,female,28
2007,female,2
2007,female,122
2007,female,138
2007,female,111
2007,female,36
2007,female,32
2007,female,1
2007,female,43
2007,female,155
2007,female,356
2007,female,159
2007,female,89
2007,female,9
2007,female,6
2007,female,1
2007,female,3
2007,female,4
2007,female,5
2007,female,1
2007,female,37
2007,female,18
2007,female,2
2007,female,7
2007,female,17
2007,female,4
2007,female,325
2007,female,483
2007,female,500
2007,female,181
2007,female,129
2007,female,11
2007,female,2
2007,female,4
2007,female,4
2007,female,3
2007,female,0
2007,female,0
2007,female,354
2007,female,230
2007,female,132
2007,female,82
2007,female,70
2007,female,4
2007,female,3525
2007,female,1684
2007,female,997
2007,female,411
2007,female,659
2007,female,53
2007,female,40
2007,female,48
2007,female,14
2007,female,19
2007,female,14
2007,female,0
2008,female,5
2008,female,20
2008,female,9
2008,female,19
2008,female,7
2008,female,1
2008,female,0
2008,female,0
2008,female,0
2008,female,0
2008,female,0
2008,female,0
2008,female,180
2008,female,173
2008,female,108
2008,female,36
2008,female,94
2008,female,20
2008,female,10
2008,female,5
2008,female,2
2008,female,1
2008,female,1
2008,female,0
2008,female,1
2008,female,0
2008,female,0
2008,female,0
2008,female,0
2008,female,0
2008,female,231
2008,female,90
2008,female,97
2008,female,60
2008,female,27
2008,female,3
2008,female,72
2008,female,82
2008,female,112
2008,female,18
2008,female,18
2008,female,2
2008,female,0
2008,female,0
2008,female,0
2008,female,0
2008,female,0
2008,female,0
2008,female,3
2008,female,3
2008,female,2
2008,female,0
2008,female,0
2008,female,0
2008,female,1
2008,female,0
2008,female,0
2008,female,0
2008,female,0
2008,female,0
2008,female,63
2008,female,184
2008,female,127
2008,female,66
2008,female,29
2008,female,2
2008,female,225
2008,female,165
2008,female,69
2008,female,46
2008,female,37
2008,female,5
2008,female,1
2008,female,0
2008,female,0
2008,female,0
2008,female,0
2008,female,0
2008,female,745
2008,female,309
2008,female,398
2008,female,365
2008,female,52
2008,female,49
2008,female,66
2008,female,106
2008,female,41
2008,female,21
2008,female,10
2008,female,1
2008,female,413
2008,female,231
2008,female,119
2008,female,118
2008,female,38
2008,female,9
2008,female,110
2008,female,79
2008,female,135
2008,female,64
2008,female,10
2008,female,16
2008,female,206
2008,female,85
2008,female,82
2008,female,27
2008,female,43
2008,female,5
2008,female,2
2008,female,9
2008,female,5
2008,female,10
2008,female,6
2008,female,2
2008,female,48
2008,female,72
2008,female,47
2008,female,9
2008,female,7
2008,female,1
2008,female,130
2008,female,37
2008,female,99
2008,female,24
2008,female,18
2008,female,2
2008,female,3
2008,female,5
2008,female,2
2008,female,0
2008,female,0
2008,female,0
2008,female,37
2008,female,84
2008,female,88
2008,female,32
2008,female,14
2008,female,1
2008,female,27
2008,female,63
2008,female,76
2008,female,9
2008,female,8
2008,female,2
2008,female,107
2008,female,48
2008,female,24
2008,female,53
2008,female,22
2008,female,1
2008,female,53
2008,female,26
2008,female,29
2008,female,1
2008,female,5
2008,female,2
2008,female,12
2008,female,15
2008,female,16
2008,female,5
2008,female,4
2008,female,1
2008,female,5
2008,female,3
2008,female,2
2008,female,1
2008,female,1
2008,female,0
2008,female,91
2008,female,68
2008,female,32
2008,female,26
2008,female,13
2008,female,2
2008,female,461
2008,female,843
2008,female,1105
2008,female,211
2008,female,108
2008,female,6
2008,female,592
2008,female,768
2008,female,761
2008,female,157
2008,female,130
2008,female,6
2008,female,35
2008,female,8
2008,female,14
2008,female,8
2008,female,0
2008,female,0
2008,female,0
2008,female,0
2008,female,0
2008,female,0
2008,female,0
2008,female,0
2008,female,57
2008,female,25
2008,female,22
2008,female,16
2008,female,1
2008,female,0
2008,female,7
2008,female,13
2008,female,1
2008,female,13
2008,female,6
2008,female,4
2008,female,128
2008,female,187
2008,female,193
2008,female,40
2008,female,18
2008,female,0
2008,female,5
2008,female,4
2008,female,2
2008,female,0
2008,female,0
2008,female,0
2008,female,25
2008,female,46
2008,female,27
2008,female,18
2008,female,4
2008,female,0
2008,female,11
2008,female,15
2008,female,11
2008,female,14
2008,female,7
2008,female,2
2008,female,163
2008,female,313
2008,female,295
2008,female,97
2008,female,36
2008,female,3
2008,female,1673
2008,female,2885
2008,female,1203
2008,female,2237
2008,female,652
2008,female,18
2008,female,47
2008,female,239
2008,female,152
2008,female,217
2008,female,93
2008,female,19
2008,female,6
2008,female,1
2008,female,5
2008,female,2
2008,female,0
2008,female,0
2008,female,7
2008,female,25
2008,female,12
2008,female,32
2008,female,18
2008,female,0
2008,female,27
2008,female,32
2008,female,25
2008,female,8
2008,female,7
2008,female,1
2008,female,36
2008,female,60
2008,female,65
2008,female,17
2008,female,15
2008,female,0
2008,female,3
2008,female,1
2008,female,3
2008,female,1
2008,female,0
2008,female,0
2008,female,0
2008,female,0
2008,female,0
2008,female,0
2008,female,0
2008,female,0
2008,female,2
2008,female,0
2008,female,0
2008,female,0
2008,female,0
2008,female,0
2008,female,3
2008,female,3
2008,female,2
2008,female,3
2008,female,1
2008,female,0
2008,female,325
2008,female,176
2008,female,213
2008,female,60
2008,female,13
2008,female,73
2008,female,10
2008,female,15
2008,female,15
2008,female,5
2008,female,1
2008,female,0
2008,female,153
2008,female,184
2008,female,39
2008,female,41
2008,female,31
2008,female,0
2008,female,38
2008,female,52
2008,female,18
2008,female,22
2008,female,6
2008,female,3
2008,female,59
2008,female,27
2008,female,35
2008,female,16
2008,female,21
2008,female,0
2008,female,2
2008,female,12
2008,female,4
2008,female,5
2008,female,7
2008,female,2
2008,female,27
2008,female,7
2008,female,13
2008,female,7
2008,female,1
2008,female,7
2008,female,171
2008,female,12
2008,female,81
2008,female,92
2008,female,31
2008,female,22
2008,female,264
2008,female,86
2008,female,294
2008,female,86
2008,female,74
2008,female,8
2008,female,58
2008,female,98
2008,female,64
2008,female,17
2008,female,7
2008,female,0
2008,female,18
2008,female,16
2008,female,6
2008,female,5
2008,female,2
2008,female,0
2008,female,2
2008,female,0
2008,female,0
2008,female,0
2008,female,0
2008,female,0
2008,female,755
2008,female,943
2008,female,964
2008,female,1500
2008,female,410
2008,female,26
2008,female,63
2008,female,175
2008,female,133
2008,female,38
2008,female,30
2008,female,7
2008,female,1285
2008,female,1613
2008,female,2040
2008,female,981
2008,female,916
2008,female,90
2008,female,0
2008,female,0
2008,female,0
2008,female,0
2008,female,0
2008,female,0
2008,female,1
2008,female,0
2008,female,0
2008,female,0
2008,female,0
2008,female,0
2008,female,91
2008,female,153
2008,female,105
2008,female,23
2008,female,14
2008,female,0
2008,female,0
2008,female,0
2008,female,0
2008,female,0
2008,female,0
2008,female,0
2008,female,13
2008,female,29
2008,female,45
2008,female,14
2008,female,11
2008,female,0
2008,female,12
2008,female,36
2008,female,24
2008,female,5
2008,female,5
2008,female,1
2008,female,17
2008,female,32
2008,female,25
2008,female,7
2008,female,3
2008,female,0
2008,female,35
2008,female,26
2008,female,20
2008,female,2
2008,female,8
2008,female,4
2008,female,154
2008,female,247
2008,female,261
2008,female,87
2008,female,30
2008,female,2
2008,female,14
2008,female,5
2008,female,1
2008,female,9
2008,female,4
2008,female,1
2008,female,42
2008,female,88
2008,female,99
2008,female,42
2008,female,40
2008,female,4
2008,female,117
2008,female,160
2008,female,112
2008,female,35
2008,female,29
2008,female,0
2008,female,50
2008,female,173
2008,female,398
2008,female,143
2008,female,97
2008,female,11
2008,female,11
2008,female,15
2008,female,5
2008,female,1
2008,female,4
2008,female,0
2008,female,64
2008,female,26
2008,female,2
2008,female,6
2008,female,10
2008,female,6
2008,female,347
2008,female,483
2008,female,528
2008,female,182
2008,female,118
2008,female,17
2008,female,10
2008,female,4
2008,female,4
2008,female,0
2008,female,0
2008,female,0
2008,female,420
2008,female,156
2008,female,207
2008,female,88
2008,female,81
2008,female,7
2008,female,3619
2008,female,1703
2008,female,1027
2008,female,428
2008,female,738
2008,female,68
2008,female,34
2008,female,16
2008,female,39
2008,female,11
2008,female,10
2008,female,2
2009,female,0
2009,female,0
2009,female,0
2009,female,0
2009,female,0
2009,female,0
2009,female,0
2009,female,0
2009,female,0
2009,female,0
2009,female,0
2009,female,0
2009,female,164
2009,female,112
2009,female,105
2009,female,150
2009,female,25
2009,female,28
2009,female,1
2009,female,3
2009,female,2
2009,female,3
2009,female,1
2009,female,0
2009,female,0
2009,female,0
2009,female,0
2009,female,0
2009,female,0
2009,female,0
2009,female,221
2009,female,103
2009,female,116
2009,female,43
2009,female,66
2009,female,3
2009,female,68
2009,female,103
2009,female,101
2009,female,18
2009,female,11
2009,female,5
2009,female,1
2009,female,0
2009,female,0
2009,female,0
2009,female,0
2009,female,0
2009,female,4
2009,female,2
2009,female,0
2009,female,0
2009,female,0
2009,female,0
2009,female,0
2009,female,0
2009,female,0
2009,female,0
2009,female,0
2009,female,0
2009,female,74
2009,female,144
2009,female,165
2009,female,74
2009,female,45
2009,female,3
2009,female,177
2009,female,229
2009,female,58
2009,female,52
2009,female,34
2009,female,4
2009,female,3
2009,female,1
2009,female,0
2009,female,0
2009,female,0
2009,female,0
2009,female,768
2009,female,301
2009,female,351
2009,female,58
2009,female,343
2009,female,52
2009,female,63
2009,female,72
2009,female,49
2009,female,13
2009,female,9
2009,female,0
2009,female,402
2009,female,130
2009,female,192
2009,female,119
2009,female,46
2009,female,12
2009,female,102
2009,female,85
2009,female,155
2009,female,59
2009,female,12
2009,female,11
2009,female,207
2009,female,72
2009,female,46
2009,female,87
2009,female,32
2009,female,3
2009,female,10
2009,female,11
2009,female,13
2009,female,5
2009,female,3
2009,female,0
2009,female,53
2009,female,63
2009,female,45
2009,female,7
2009,female,4
2009,female,0
2009,female,44
2009,female,131
2009,female,123
2009,female,23
2009,female,12
2009,female,3
2009,female,1
2009,female,4
2009,female,2
2009,female,0
2009,female,0
2009,female,0
2009,female,42
2009,female,78
2009,female,79
2009,female,16
2009,female,18
2009,female,1
2009,female,32
2009,female,52
2009,female,43
2009,female,13
2009,female,4
2009,female,1
2009,female,100
2009,female,9
2009,female,48
2009,female,48
2009,female,20
2009,female,20
2009,female,55
2009,female,27
2009,female,16
2009,female,2
2009,female,7
2009,female,6
2009,female,16
2009,female,14
2009,female,14
2009,female,3
2009,female,2
2009,female,0
2009,female,1
2009,female,3
2009,female,2
2009,female,1
2009,female,0
2009,female,0
2009,female,100
2009,female,84
2009,female,40
2009,female,28
2009,female,20
2009,female,1
2009,female,464
2009,female,883
2009,female,1039
2009,female,215
2009,female,122
2009,female,11
2009,female,10
2009,female,15
2009,female,4
2009,female,7
2009,female,2
2009,female,1
2009,female,520
2009,female,789
2009,female,788
2009,female,146
2009,female,121
2009,female,9
2009,female,9
2009,female,11
2009,female,16
2009,female,20
2009,female,2
2009,female,0
2009,female,0
2009,female,0
2009,female,0
2009,female,0
2009,female,0
2009,female,0
2009,female,69
2009,female,38
2009,female,25
2009,female,3
2009,female,10
2009,female,0
2009,female,14
2009,female,15
2009,female,1
2009,female,7
2009,female,4
2009,female,6
2009,female,91
2009,female,212
2009,female,191
2009,female,42
2009,female,19
2009,female,4
2009,female,6
2009,female,1
2009,female,0
2009,female,0
2009,female,0
2009,female,0
2009,female,27
2009,female,20
2009,female,23
2009,female,33
2009,female,1
2009,female,1
2009,female,22
2009,female,8
2009,female,32
2009,female,18
2009,female,13
2009,female,1
2009,female,289
2009,female,149
2009,female,329
2009,female,70
2009,female,42
2009,female,2
2009,female,1
2009,female,1
2009,female,1
2009,female,0
2009,female,0
2009,female,0
2009,female,1649
2009,female,2820
2009,female,1085
2009,female,2328
2009,female,605
2009,female,21
2009,female,42
2009,female,214
2009,female,145
2009,female,192
2009,female,99
2009,female,26
2009,female,11
2009,female,6
2009,female,1
2009,female,3
2009,female,0
2009,female,0
2009,female,37
2009,female,21
2009,female,3
2009,female,10
2009,female,21
2009,female,4
2009,female,26
2009,female,30
2009,female,33
2009,female,8
2009,female,3
2009,female,0
2009,female,40
2009,female,65
2009,female,48
2009,female,15
2009,female,16
2009,female,2
2009,female,7
2009,female,3
2009,female,1
2009,female,1
2009,female,0
2009,female,0
2009,female,2
2009,female,1
2009,female,0
2009,female,0
2009,female,0
2009,female,0
2009,female,7
2009,female,5
2009,female,1
2009,female,4
2009,female,3
2009,female,3
2009,female,359
2009,female,212
2009,female,234
2009,female,74
2009,female,81
2009,female,6
2009,female,5
2009,female,12
2009,female,10
2009,female,2
2009,female,1
2009,female,0
2009,female,209
2009,female,131
2009,female,48
2009,female,48
2009,female,24
2009,female,2
2009,female,20
2009,female,21
2009,female,42
2009,female,23
2009,female,8
2009,female,4
2009,female,31
2009,female,59
2009,female,39
2009,female,18
2009,female,7
2009,female,3
2009,female,0
2009,female,0
2009,female,0
2009,female,0
2009,female,0
2009,female,0
2009,female,16
2009,female,3
2009,female,4
2009,female,4
2009,female,1
2009,female,0
2009,female,33
2009,female,12
2009,female,14
2009,female,6
2009,female,5
2009,female,0
2009,female,232
2009,female,101
2009,female,56
2009,female,114
2009,female,6
2009,female,16
2009,female,340
2009,female,342
2009,female,94
2009,female,75
2009,female,82
2009,female,13
2009,female,58
2009,female,74
2009,female,66
2009,female,16
2009,female,8
2009,female,0
2009,female,7
2009,female,12
2009,female,7
2009,female,3
2009,female,0
2009,female,0
2009,female,2
2009,female,1
2009,female,0
2009,female,0
2009,female,0
2009,female,0
2009,female,920
2009,female,1121
2009,female,1152
2009,female,1780
2009,female,460
2009,female,42
2009,female,53
2009,female,124
2009,female,131
2009,female,39
2009,female,32
2009,female,10
2009,female,1133
2009,female,1519
2009,female,1930
2009,female,986
2009,female,839
2009,female,78
2009,female,0
2009,female,0
2009,female,0
2009,female,0
2009,female,0
2009,female,0
2009,female,0
2009,female,0
2009,female,0
2009,female,0
2009,female,0
2009,female,0
2009,female,92
2009,female,145
2009,female,102
2009,female,29
2009,female,8
2009,female,0
2009,female,0
2009,female,0
2009,female,0
2009,female,0
2009,female,0
2009,female,0
2009,female,18
2009,female,33
2009,female,40
2009,female,11
2009,female,9
2009,female,3
2009,female,22
2009,female,21
2009,female,5
2009,female,6
2009,female,4
2009,female,0
2009,female,21
2009,female,38
2009,female,33
2009,female,3
2009,female,2
2009,female,0
2009,female,36
2009,female,3
2009,female,25
2009,female,18
2009,female,8
2009,female,2
2009,female,149
2009,female,227
2009,female,274
2009,female,80
2009,female,32
2009,female,1
2009,female,6
2009,female,9
2009,female,1
2009,female,9
2009,female,4
2009,female,3
2009,female,133
2009,female,106
2009,female,36
2009,female,43
2009,female,33
2009,female,3
2009,female,41
2009,female,85
2009,female,106
2009,female,25
2009,female,20
2009,female,1
2009,female,185
2009,female,382
2009,female,35
2009,female,142
2009,female,100
2009,female,17
2009,female,6
2009,female,5
2009,female,5
2009,female,5
2009,female,0
2009,female,0
2009,female,17
2009,female,74
2009,female,38
2009,female,44
2009,female,58
2009,female,18
2009,female,20
2009,female,14
2009,female,3
2009,female,1
2009,female,2
2009,female,0
2009,female,313
2009,female,556
2009,female,502
2009,female,186
2009,female,148
2009,female,19
2009,female,7
2009,female,4
2009,female,2
2009,female,2
2009,female,0
2009,female,0
2009,female,387
2009,female,229
2009,female,133
2009,female,97
2009,female,84
2009,female,3
2009,female,3664
2009,female,1875
2009,female,1027
2009,female,776
2009,female,389
2009,female,90
2009,female,14
2009,female,28
2009,female,35
2009,female,13
2009,female,12
2009,female,1
2009,female,186
2009,female,85
2009,female,7
2009,female,65
2009,female,15
2009,female,18
2010,female,6
2010,female,2
2010,female,12
2010,female,7
2010,female,6
2010,female,2
2010,female,150
2010,female,162
2010,female,101
2010,female,99
2010,female,34
2010,female,20
2010,female,7
2010,female,2
2010,female,2
2010,female,5
2010,female,2
2010,female,1
2010,female,1
2010,female,0
2010,female,0
2010,female,0
2010,female,0
2010,female,0
2010,female,228
2010,female,94
2010,female,43
2010,female,80
2010,female,104
2010,female,4
2010,female,62
2010,female,90
2010,female,102
2010,female,25
2010,female,14
2010,female,1
2010,female,2
2010,female,1
2010,female,1
2010,female,0
2010,female,0
2010,female,0
2010,female,2
2010,female,1
2010,female,1
2010,female,0
2010,female,0
2010,female,0
2010,female,0
2010,female,0
2010,female,0
2010,female,0
2010,female,0
2010,female,0
2010,female,62
2010,female,145
2010,female,60
2010,female,83
2010,female,39
2010,female,1
2010,female,243
2010,female,173
2010,female,63
2010,female,50
2010,female,32
2010,female,2
2010,female,2
2010,female,0
2010,female,0
2010,female,0
2010,female,0
2010,female,0
2010,female,835
2010,female,339
2010,female,79
2010,female,404
2010,female,368
2010,female,48
2010,female,60
2010,female,74
2010,female,57
2010,female,11
2010,female,8
2010,female,0
2010,female,402
2010,female,237
2010,female,154
2010,female,115
2010,female,49
2010,female,13
2010,female,90
2010,female,150
2010,female,78
2010,female,45
2010,female,10
2010,female,10
2010,female,187
2010,female,78
2010,female,72
2010,female,39
2010,female,5
2010,female,16
2010,female,12
2010,female,16
2010,female,10
2010,female,5
2010,female,0
2010,female,0
2010,female,46
2010,female,75
2010,female,50
2010,female,13
2010,female,7
2010,female,1
2010,female,142
2010,female,40
2010,female,105
2010,female,17
2010,female,18
2010,female,7
2010,female,3
2010,female,4
2010,female,1
2010,female,0
2010,female,0
2010,female,0
2010,female,40
2010,female,84
2010,female,87
2010,female,26
2010,female,20
2010,female,0
2010,female,22
2010,female,56
2010,female,64
2010,female,10
2010,female,6
2010,female,0
2010,female,113
2010,female,60
2010,female,6
2010,female,18
2010,female,39
2010,female,18
2010,female,44
2010,female,19
2010,female,20
2010,female,2
2010,female,7
2010,female,3
2010,female,12
2010,female,14
2010,female,5
2010,female,9
2010,female,2
2010,female,0
2010,female,37
2010,female,77
2010,female,69
2010,female,30
2010,female,23
2010,female,0
2010,female,464
2010,female,889
2010,female,1074
2010,female,177
2010,female,117
2010,female,17
2010,female,5
2010,female,6
2010,female,5
2010,female,0
2010,female,0
2010,female,0
2010,female,588
2010,female,851
2010,female,805
2010,female,177
2010,female,132
2010,female,6
2010,female,6
2010,female,14
2010,female,11
2010,female,6
2010,female,4
2010,female,0
2010,female,0
2010,female,0
2010,female,0
2010,female,0
2010,female,0
2010,female,0
2010,female,43
2010,female,21
2010,female,8
2010,female,3
2010,female,7
2010,female,0
2010,female,21
2010,female,11
2010,female,4
2010,female,8
2010,female,5
2010,female,0
2010,female,109
2010,female,210
2010,female,170
2010,female,37
2010,female,20
2010,female,1
2010,female,5
2010,female,3
2010,female,1
2010,female,1
2010,female,0
2010,female,0
2010,female,25
2010,female,38
2010,female,19
2010,female,11
2010,female,4
2010,female,3
2010,female,9
2010,female,22
2010,female,33
2010,female,10
2010,female,9
2010,female,3
2010,female,161
2010,female,294
2010,female,292
2010,female,82
2010,female,31
2010,female,1
2010,female,0
2010,female,0
2010,female,0
2010,female,0
2010,female,0
2010,female,0
2010,female,1686
2010,female,2879
2010,female,2404
2010,female,1008
2010,female,508
2010,female,21
2010,female,39
2010,female,193
2010,female,140
2010,female,88
2010,female,160
2010,female,25
2010,female,8
2010,female,2
2010,female,3
2010,female,0
2010,female,0
2010,female,0
2010,female,6
2010,female,40
2010,female,11
2010,female,27
2010,female,17
2010,female,4
2010,female,29
2010,female,10
2010,female,17
2010,female,4
2010,female,2
2010,female,0
2010,female,41
2010,female,72
2010,female,50
2010,female,14
2010,female,11
2010,female,1
2010,female,5
2010,female,3
2010,female,2
2010,female,1
2010,female,0
2010,female,0
2010,female,0
2010,female,0
2010,female,0
2010,female,0
2010,female,0
2010,female,0
2010,female,2
2010,female,0
2010,female,0
2010,female,0
2010,female,0
2010,female,0
2010,female,9
2010,female,8
2010,female,3
2010,female,2
2010,female,0
2010,female,0
2010,female,350
2010,female,177
2010,female,231
2010,female,62
2010,female,73
2010,female,7
2010,female,208
2010,female,143
2010,female,46
2010,female,53
2010,female,26
2010,female,1
2010,female,35
2010,female,30
2010,female,51
2010,female,9
2010,female,21
2010,female,3
2010,female,33
2010,female,15
2010,female,18
2010,female,4
2010,female,7
2010,female,0
2010,female,68
2010,female,49
2010,female,24
2010,female,10
2010,female,13
2010,female,0
2010,female,0
2010,female,0
2010,female,0
2010,female,0
2010,female,0
2010,female,0
2010,female,2
2010,female,11
2010,female,8
2010,female,0
2010,female,0
2010,female,0
2010,female,30
2010,female,2
2010,female,13
2010,female,6
2010,female,9
2010,female,3
2010,female,218
2010,female,101
2010,female,10
2010,female,107
2010,female,34
2010,female,17
2010,female,313
2010,female,301
2010,female,94
2010,female,77
2010,female,49
2010,female,6
2010,female,64
2010,female,89
2010,female,72
2010,female,27
2010,female,12
2010,female,1
2010,female,15
2010,female,20
2010,female,2
2010,female,4
2010,female,4
2010,female,0
2010,female,1
2010,female,0
2010,female,0
2010,female,0
2010,female,0
2010,female,0
2010,female,914
2010,female,1200
2010,female,972
2010,female,1745
2010,female,372
2010,female,34
2010,female,177
2010,female,59
2010,female,147
2010,female,38
2010,female,36
2010,female,5
2010,female,1041
2010,female,1354
2010,female,893
2010,female,1680
2010,female,763
2010,female,64
2010,female,1
2010,female,0
2010,female,0
2010,female,0
2010,female,0
2010,female,0
2010,female,0
2010,female,0
2010,female,0
2010,female,0
2010,female,0
2010,female,0
2010,female,88
2010,female,128
2010,female,64
2010,female,18
2010,female,6
2010,female,0
2010,female,0
2010,female,0
2010,female,0
2010,female,0
2010,female,0
2010,female,0
2010,female,12
2010,female,28
2010,female,34
2010,female,13
2010,female,12
2010,female,0
2010,female,11
2010,female,39
2010,female,26
2010,female,7
2010,female,8
2010,female,1
2010,female,35
2010,female,12
2010,female,25
2010,female,5
2010,female,1
2010,female,0
2010,female,4
2010,female,32
2010,female,28
2010,female,20
2010,female,8
2010,female,2
2010,female,120
2010,female,207
2010,female,281
2010,female,59
2010,female,23
2010,female,0
2010,female,4
2010,female,10
2010,female,14
2010,female,7
2010,female,3
2010,female,4
2010,female,105
2010,female,100
2010,female,34
2010,female,31
2010,female,31
2010,female,2
2010,female,96
2010,female,36
2010,female,103
2010,female,32
2010,female,15
2010,female,0
2010,female,41
2010,female,164
2010,female,345
2010,female,164
2010,female,120
2010,female,14
2010,female,9
2010,female,9
2010,female,8
2010,female,4
2010,female,1
2010,female,0
2010,female,28
2010,female,95
2010,female,57
2010,female,110
2010,female,61
2010,female,25
2010,female,22
2010,female,9
2010,female,9
2010,female,5
2010,female,2
2010,female,0
2010,female,303
2010,female,479
2010,female,458
2010,female,154
2010,female,170
2010,female,15
2010,female,14
2010,female,1
2010,female,6
2010,female,1
2010,female,0
2010,female,0
2010,female,400
2010,female,232
2010,female,133
2010,female,89
2010,female,106
2010,female,3
2010,female,3604
2010,female,2071
2010,female,1092
2010,female,830
2010,female,403
2010,female,87
2010,female,42
2010,female,14
2010,female,38
2010,female,18
2010,female,11
2010,female,3
2010,female,208
2010,female,93
2010,female,101
2010,female,5
2010,female,16
2010,female,30
2011,female,172
2011,female,157
2011,female,102
2011,female,93
2011,female,30
2011,female,29
2011,female,6
2011,female,4
2011,female,3
2011,female,3
2011,female,0
2011,female,0
2011,female,1
2011,female,1
2011,female,0
2011,female,0
2011,female,0
2011,female,0
2011,female,230
2011,female,93
2011,female,118
2011,female,45
2011,female,85
2011,female,9
2011,female,58
2011,female,113
2011,female,95
2011,female,23
2011,female,23
2011,female,1
2011,female,1
2011,female,0
2011,female,0
2011,female,0
2011,female,0
2011,female,0
2011,female,2
2011,female,2
2011,female,1
2011,female,1
2011,female,0
2011,female,0
2011,female,0
2011,female,0
2011,female,0
2011,female,0
2011,female,0
2011,female,0
2011,female,69
2011,female,141
2011,female,91
2011,female,42
2011,female,36
2011,female,1
2011,female,247
2011,female,185
2011,female,67
2011,female,60
2011,female,41
2011,female,0
2011,female,4
2011,female,1
2011,female,0
2011,female,0
2011,female,0
2011,female,0
2011,female,0
2011,female,0
2011,female,0
2011,female,0
2011,female,0
2011,female,0
2011,female,805
2011,female,352
2011,female,413
2011,female,400
2011,female,71
2011,female,47
2011,female,48
2011,female,51
2011,female,41
2011,female,11
2011,female,7
2011,female,0
2011,female,2
2011,female,2
2011,female,1
2011,female,0
2011,female,0
2011,female,0
2011,female,390
2011,female,135
2011,female,215
2011,female,134
2011,female,55
2011,female,18
2011,female,158
2011,female,67
2011,female,69
2011,female,50
2011,female,14
2011,female,12
2011,female,159
2011,female,69
2011,female,87
2011,female,29
2011,female,34
2011,female,4
2011,female,20
2011,female,8
2011,female,14
2011,female,8
2011,female,1
2011,female,2
2011,female,43
2011,female,68
2011,female,52
2011,female,11
2011,female,8
2011,female,0
2011,female,50
2011,female,123
2011,female,106
2011,female,20
2011,female,13
2011,female,3
2011,female,1
2011,female,3
2011,female,1
2011,female,0
2011,female,0
2011,female,0
2011,female,43
2011,female,86
2011,female,77
2011,female,28
2011,female,19
2011,female,0
2011,female,22
2011,female,57
2011,female,50
2011,female,12
2011,female,11
2011,female,0
2011,female,120
2011,female,51
2011,female,45
2011,female,32
2011,female,4
2011,female,12
2011,female,52
2011,female,26
2011,female,22
2011,female,3
2011,female,12
2011,female,3
2011,female,12
2011,female,15
2011,female,9
2011,female,3
2011,female,1
2011,female,0
2011,female,2
2011,female,3
2011,female,2
2011,female,1
2011,female,0
2011,female,0
2011,female,73
2011,female,67
2011,female,27
2011,female,26
2011,female,9
2011,female,0
2011,female,453
2011,female,846
2011,female,1011
2011,female,171
2011,female,124
2011,female,13
2011,female,6
2011,female,4
2011,female,2
2011,female,1
2011,female,1
2011,female,1
2011,female,624
2011,female,802
2011,female,757
2011,female,188
2011,female,122
2011,female,9
2011,female,14
2011,female,11
2011,female,14
2011,female,29
2011,female,16
2011,female,0
2011,female,0
2011,female,0
2011,female,0
2011,female,0
2011,female,0
2011,female,0
2011,female,59
2011,female,23
2011,female,5
2011,female,1
2011,female,12
2011,female,8
2011,female,14
2011,female,1
2011,female,10
2011,female,7
2011,female,3
2011,female,4
2011,female,122
2011,female,229
2011,female,182
2011,female,22
2011,female,16
2011,female,3
2011,female,2
2011,female,1
2011,female,1
2011,female,1
2011,female,0
2011,female,0
2011,female,27
2011,female,38
2011,female,16
2011,female,15
2011,female,0
2011,female,0
2011,female,30
2011,female,7
2011,female,16
2011,female,22
2011,female,12
2011,female,0
2011,female,162
2011,female,294
2011,female,303
2011,female,59
2011,female,43
2011,female,2
2011,female,3
2011,female,1
2011,female,1
2011,female,1
2011,female,0
2011,female,0
2011,female,1754
2011,female,2883
2011,female,2598
2011,female,1112
2011,female,616
2011,female,22
2011,female,44
2011,female,171
2011,female,128
2011,female,166
2011,female,78
2011,female,21
2011,female,6
2011,female,3
2011,female,4
2011,female,2
2011,female,0
2011,female,0
2011,female,47
2011,female,5
2011,female,18
2011,female,24
2011,female,9
2011,female,5
2011,female,22
2011,female,21
2011,female,9
2011,female,18
2011,female,5
2011,female,0
2011,female,38
2011,female,68
2011,female,67
2011,female,17
2011,female,10
2011,female,1
2011,female,5
2011,female,3
2011,female,6
2011,female,3
2011,female,1
2011,female,0
2011,female,0
2011,female,0
2011,female,0
2011,female,0
2011,female,0
2011,female,0
2011,female,0
2011,female,0
2011,female,0
2011,female,0
2011,female,0
2011,female,0
2011,female,10
2011,female,5
2011,female,3
2011,female,4
2011,female,1
2011,female,0
2011,female,439
2011,female,225
2011,female,222
2011,female,72
2011,female,107
2011,female,6
2011,female,161
2011,female,210
2011,female,63
2011,female,40
2011,female,38
2011,female,1
2011,female,33
2011,female,19
2011,female,34
2011,female,8
2011,female,19
2011,female,3
2011,female,54
2011,female,13
2011,female,6
2011,female,11
2011,female,9
2011,female,0
2011,female,72
2011,female,39
2011,female,23
2011,female,20
2011,female,6
2011,female,4
2011,female,9
2011,female,3
2011,female,2
2011,female,4
2011,female,1
2011,female,0
2011,female,32
2011,female,18
2011,female,14
2011,female,6
2011,female,6
2011,female,0
2011,female,221
2011,female,14
2011,female,120
2011,female,147
2011,female,39
2011,female,29
2011,female,276
2011,female,275
2011,female,83
2011,female,58
2011,female,64
2011,female,4
2011,female,43
2011,female,80
2011,female,76
2011,female,15
2011,female,9
2011,female,0
2011,female,22
2011,female,7
2011,female,7
2011,female,3
2011,female,2
2011,female,1
2011,female,2
2011,female,2
2011,female,1
2011,female,0
2011,female,0
2011,female,0
2011,female,894
2011,female,1178
2011,female,901
2011,female,1694
2011,female,347
2011,female,26
2011,female,62
2011,female,152
2011,female,117
2011,female,30
2011,female,30
2011,female,3
2011,female,1103
2011,female,740
2011,female,1300
2011,female,843
2011,female,1515
2011,female,67
2011,female,0
2011,female,0
2011,female,0
2011,female,0
2011,female,0
2011,female,0
2011,female,1
2011,female,0
2011,female,0
2011,female,0
2011,female,0
2011,female,0
2011,female,95
2011,female,142
2011,female,77
2011,female,21
2011,female,11
2011,female,1
2011,female,0
2011,female,0
2011,female,0
2011,female,0
2011,female,0
2011,female,0
2011,female,12
2011,female,42
2011,female,35
2011,female,14
2011,female,8
2011,female,0
2011,female,20
2011,female,30
2011,female,30
2011,female,7
2011,female,1
2011,female,0
2011,female,4
2011,female,34
2011,female,15
2011,female,7
2011,female,13
2011,female,2
2011,female,133
2011,female,230
2011,female,290
2011,female,70
2011,female,21
2011,female,1
2011,female,12
2011,female,6
2011,female,9
2011,female,3
2011,female,2
2011,female,0
2011,female,98
2011,female,103
2011,female,46
2011,female,38
2011,female,36
2011,female,2
2011,female,44
2011,female,94
2011,female,98
2011,female,25
2011,female,15
2011,female,1
2011,female,56
2011,female,217
2011,female,361
2011,female,147
2011,female,95
2011,female,12
2011,female,8
2011,female,5
2011,female,8
2011,female,4
2011,female,2
2011,female,0
2011,female,83
2011,female,15
2011,female,60
2011,female,82
2011,female,35
2011,female,23
2011,female,20
2011,female,5
2011,female,8
2011,female,5
2011,female,1
2011,female,0
2011,female,311
2011,female,552
2011,female,464
2011,female,157
2011,female,160
2011,female,20
2011,female,417
2011,female,235
2011,female,134
2011,female,100
2011,female,70
2011,female,4
2011,female,3776
2011,female,2128
2011,female,1238
2011,female,863
2011,female,421
2011,female,86
2011,female,248
2011,female,139
2011,female,78
2011,female,19
2011,female,5
2011,female,28
2012,female,0
2012,female,0
2012,female,0
2012,female,0
2012,female,0
2012,female,0
2012,female,204
2012,female,164
2012,female,108
2012,female,102
2012,female,33
2012,female,17
2012,female,3
2012,female,7
2012,female,4
2012,female,4
2012,female,2
2012,female,0
2012,female,258
2012,female,109
2012,female,52
2012,female,98
2012,female,123
2012,female,10
2012,female,76
2012,female,99
2012,female,87
2012,female,20
2012,female,6
2012,female,1
2012,female,1
2012,female,0
2012,female,0
2012,female,0
2012,female,0
2012,female,0
2012,female,1
2012,female,0
2012,female,0
2012,female,0
2012,female,0
2012,female,0
2012,female,0
2012,female,0
2012,female,0
2012,female,0
2012,female,0
2012,female,0
2012,female,187
2012,female,217
2012,female,61
2012,female,45
2012,female,28
2012,female,3
2012,female,2
2012,female,0
2012,female,0
2012,female,0
2012,female,0
2012,female,0
2012,female,877
2012,female,418
2012,female,455
2012,female,80
2012,female,383
2012,female,41
2012,female,61
2012,female,65
2012,female,46
2012,female,14
2012,female,13
2012,female,0
2012,female,385
2012,female,241
2012,female,137
2012,female,129
2012,female,45
2012,female,17
2012,female,138
2012,female,62
2012,female,62
2012,female,52
2012,female,10
2012,female,7
2012,female,151
2012,female,73
2012,female,41
2012,female,83
2012,female,6
2012,female,33
2012,female,16
2012,female,10
2012,female,6
2012,female,7
2012,female,3
2012,female,0
2012,female,46
2012,female,73
2012,female,42
2012,female,13
2012,female,5
2012,female,1
2012,female,52
2012,female,107
2012,female,94
2012,female,25
2012,female,16
2012,female,2
2012,female,1
2012,female,1
2012,female,0
2012,female,0
2012,female,0
2012,female,0
2012,female,45
2012,female,106
2012,female,94
2012,female,22
2012,female,10
2012,female,1
2012,female,71
2012,female,19
2012,female,58
2012,female,11
2012,female,8
2012,female,0
2012,female,118
2012,female,55
2012,female,48
2012,female,4
2012,female,27
2012,female,13
2012,female,56
2012,female,26
2012,female,19
2012,female,2
2012,female,9
2012,female,4
2012,female,18
2012,female,17
2012,female,7
2012,female,3
2012,female,2
2012,female,0
2012,female,1
2012,female,4
2012,female,2
2012,female,2
2012,female,1
2012,female,0
2012,female,87
2012,female,32
2012,female,65
2012,female,27
2012,female,7
2012,female,0
2012,female,459
2012,female,767
2012,female,891
2012,female,183
2012,female,106
2012,female,11
2012,female,2
2012,female,3
2012,female,3
2012,female,3
2012,female,1
2012,female,1
2012,female,607
2012,female,873
2012,female,810
2012,female,187
2012,female,121
2012,female,9
2012,female,14
2012,female,26
2012,female,15
2012,female,28
2012,female,7
2012,female,1
2012,female,0
2012,female,0
2012,female,0
2012,female,0
2012,female,0
2012,female,0
2012,female,63
2012,female,20
2012,female,12
2012,female,5
2012,female,1
2012,female,9
2012,female,11
2012,female,18
2012,female,14
2012,female,5
2012,female,2
2012,female,0
2012,female,124
2012,female,219
2012,female,160
2012,female,28
2012,female,15
2012,female,0
2012,female,4
2012,female,2
2012,female,2
2012,female,3
2012,female,0
2012,female,0
2012,female,42
2012,female,16
2012,female,20
2012,female,15
2012,female,2
2012,female,1
2012,female,9
2012,female,24
2012,female,17
2012,female,13
2012,female,18
2012,female,0
2012,female,175
2012,female,317
2012,female,325
2012,female,68
2012,female,44
2012,female,4
2012,female,1612
2012,female,2636
2012,female,2242
2012,female,931
2012,female,495
2012,female,20
2012,female,40
2012,female,131
2012,female,181
2012,female,111
2012,female,93
2012,female,7
2012,female,2
2012,female,8
2012,female,4
2012,female,5
2012,female,0
2012,female,0
2012,female,10
2012,female,40
2012,female,36
2012,female,23
2012,female,10
2012,female,3
2012,female,22
2012,female,22
2012,female,18
2012,female,6
2012,female,5
2012,female,0
2012,female,37
2012,female,74
2012,female,45
2012,female,10
2012,female,8
2012,female,0
2012,female,2
2012,female,5
2012,female,3
2012,female,1
2012,female,1
2012,female,0
2012,female,4
2012,female,2
2012,female,0
2012,female,0
2012,female,0
2012,female,0
2012,female,10
2012,female,6
2012,female,1
2012,female,5
2012,female,2
2012,female,2
2012,female,407
2012,female,214
2012,female,258
2012,female,85
2012,female,79
2012,female,8
2012,female,240
2012,female,182
2012,female,55
2012,female,58
2012,female,33
2012,female,2
2012,female,41
2012,female,12
2012,female,48
2012,female,22
2012,female,17
2012,female,5
2012,female,42
2012,female,17
2012,female,12
2012,female,4
2012,female,1
2012,female,6
2012,female,60
2012,female,14
2012,female,21
2012,female,33
2012,female,17
2012,female,1
2012,female,9
2012,female,5
2012,female,1
2012,female,3
2012,female,0
2012,female,0
2012,female,41
2012,female,3
2012,female,17
2012,female,8
2012,female,12
2012,female,7
2012,female,312
2012,female,103
2012,female,266
2012,female,59
2012,female,66
2012,female,4
2012,female,62
2012,female,84
2012,female,54
2012,female,8
2012,female,9
2012,female,0
2012,female,18
2012,female,16
2012,female,7
2012,female,1
2012,female,2
2012,female,0
2012,female,4
2012,female,1
2012,female,0
2012,female,0
2012,female,0
2012,female,0
2012,female,887
2012,female,1060
2012,female,733
2012,female,1539
2012,female,299
2012,female,20
2012,female,135
2012,female,42
2012,female,112
2012,female,32
2012,female,27
2012,female,5
2012,female,1095
2012,female,866
2012,female,1572
2012,female,1229
2012,female,627
2012,female,65
2012,female,1
2012,female,0
2012,female,0
2012,female,0
2012,female,0
2012,female,0
2012,female,2
2012,female,1
2012,female,0
2012,female,0
2012,female,0
2012,female,0
2012,female,85
2012,female,128
2012,female,72
2012,female,17
2012,female,9
2012,female,0
2012,female,0
2012,female,0
2012,female,0
2012,female,0
2012,female,0
2012,female,0
2012,female,15
2012,female,66
2012,female,35
2012,female,17
2012,female,15
2012,female,1
2012,female,31
2012,female,30
2012,female,3
2012,female,5
2012,female,3
2012,female,0
2012,female,38
2012,female,12
2012,female,19
2012,female,9
2012,female,1
2012,female,1
2012,female,48
2012,female,13
2012,female,26
2012,female,19
2012,female,1
2012,female,7
2012,female,143
2012,female,230
2012,female,333
2012,female,74
2012,female,34
2012,female,1
2012,female,8
2012,female,9
2012,female,6
2012,female,7
2012,female,3
2012,female,0
2012,female,140
2012,female,41
2012,female,89
2012,female,34
2012,female,27
2012,female,4
2012,female,102
2012,female,41
2012,female,104
2012,female,29
2012,female,10
2012,female,0
2012,female,222
2012,female,54
2012,female,394
2012,female,162
2012,female,84
2012,female,14
2012,female,23
2012,female,94
2012,female,78
2012,female,113
2012,female,55
2012,female,15
2012,female,18
2012,female,9
2012,female,4
2012,female,2
2012,female,0
2012,female,0
2012,female,347
2012,female,524
2012,female,494
2012,female,186
2012,female,126
2012,female,20
2012,female,403
2012,female,153
2012,female,211
2012,female,93
2012,female,70
2012,female,2
2012,female,3857
2012,female,2264
2012,female,1231
2012,female,954
2012,female,428
2012,female,85
2012,female,36
2012,female,44
2012,female,14
2012,female,16
2012,female,12
2012,female,1
2012,female,333
2012,female,148
2012,female,89
2012,female,25
2012,female,4
2012,female,16
2013,female,0
2013,female,0
2013,female,0
2013,female,0
2013,female,0
2013,female,0
2013,female,167
2013,female,102
2013,female,157
2013,female,102
2013,female,29
2013,female,32
2013,female,6
2013,female,11
2013,female,6
2013,female,1
2013,female,0
2013,female,0
2013,female,275
2013,female,145
2013,female,95
2013,female,95
2013,female,48
2013,female,6
2013,female,64
2013,female,118
2013,female,94
2013,female,25
2013,female,20
2013,female,3
2013,female,1
2013,female,0
2013,female,0
2013,female,0
2013,female,0
2013,female,0
2013,female,0
2013,female,0
2013,female,0
2013,female,0
2013,female,0
2013,female,0
2013,female,0
2013,female,0
2013,female,0
2013,female,0
2013,female,0
2013,female,0
2013,female,65
2013,female,111
2013,female,87
2013,female,45
2013,female,25
2013,female,1
2013,female,215
2013,female,168
2013,female,73
2013,female,47
2013,female,27
2013,female,2
2013,female,1
2013,female,0
2013,female,0
2013,female,0
2013,female,0
2013,female,0
2013,female,897
2013,female,433
2013,female,88
2013,female,393
2013,female,362
2013,female,50
2013,female,47
2013,female,41
2013,female,41
2013,female,12
2013,female,6
2013,female,1
2013,female,400
2013,female,255
2013,female,138
2013,female,135
2013,female,65
2013,female,20
2013,female,130
2013,female,60
2013,female,52
2013,female,54
2013,female,14
2013,female,8
2013,female,141
2013,female,81
2013,female,101
2013,female,41
2013,female,36
2013,female,5
2013,female,11
2013,female,13
2013,female,8
2013,female,5
2013,female,1
2013,female,1
2013,female,35
2013,female,48
2013,female,48
2013,female,9
2013,female,6
2013,female,0
2013,female,49
2013,female,111
2013,female,94
2013,female,20
2013,female,20
2013,female,4
2013,female,4
2013,female,1
2013,female,0
2013,female,0
2013,female,0
2013,female,0
2013,female,36
2013,female,108
2013,female,92
2013,female,30
2013,female,15
2013,female,2
2013,female,25
2013,female,52
2013,female,54
2013,female,16
2013,female,12
2013,female,1
2013,female,89
2013,female,30
2013,female,32
2013,female,12
2013,female,3
2013,female,20
2013,female,43
2013,female,22
2013,female,19
2013,female,7
2013,female,7
2013,female,0
2013,female,18
2013,female,13
2013,female,12
2013,female,2
2013,female,2
2013,female,0
2013,female,72
2013,female,69
2013,female,31
2013,female,31
2013,female,17
2013,female,1
2013,female,426
2013,female,816
2013,female,846
2013,female,160
2013,female,116
2013,female,11
2013,female,4
2013,female,8
2013,female,7
2013,female,2
2013,female,1
2013,female,1
2013,female,641
2013,female,875
2013,female,808
2013,female,188
2013,female,111
2013,female,12
2013,female,34
2013,female,19
2013,female,37
2013,female,13
2013,female,4
2013,female,1
2013,female,0
2013,female,0
2013,female,0
2013,female,0
2013,female,0
2013,female,0
2013,female,73
2013,female,26
2013,female,12
2013,female,10
2013,female,3
2013,female,0
2013,female,29
2013,female,13
2013,female,4
2013,female,3
2013,female,1
2013,female,0
2013,female,106
2013,female,200
2013,female,155
2013,female,31
2013,female,12
2013,female,1
2013,female,3
2013,female,3
2013,female,5
2013,female,3
2013,female,0
2013,female,0
2013,female,24
2013,female,42
2013,female,18
2013,female,9
2013,female,3
2013,female,0
2013,female,12
2013,female,23
2013,female,26
2013,female,15
2013,female,5
2013,female,0
2013,female,181
2013,female,333
2013,female,335
2013,female,66
2013,female,49
2013,female,4
2013,female,1713
2013,female,2604
2013,female,2242
2013,female,850
2013,female,467
2013,female,34
2013,female,48
2013,female,182
2013,female,136
2013,female,193
2013,female,89
2013,female,27
2013,female,5
2013,female,3
2013,female,5
2013,female,0
2013,female,0
2013,female,0
2013,female,37
2013,female,4
2013,female,19
2013,female,8
2013,female,18
2013,female,11
2013,female,11
2013,female,23
2013,female,19
2013,female,6
2013,female,2
2013,female,0
2013,female,40
2013,female,75
2013,female,22
2013,female,41
2013,female,17
2013,female,3
2013,female,8
2013,female,2
2013,female,2
2013,female,4
2013,female,0
2013,female,0
2013,female,1
2013,female,0
2013,female,0
2013,female,0
2013,female,0
2013,female,0
2013,female,8
2013,female,2
2013,female,3
2013,female,1
2013,female,1
2013,female,0
2013,female,392
2013,female,212
2013,female,263
2013,female,94
2013,female,16
2013,female,66
2013,female,186
2013,female,209
2013,female,59
2013,female,46
2013,female,46
2013,female,3
2013,female,37
2013,female,63
2013,female,21
2013,female,19
2013,female,5
2013,female,2
2013,female,38
2013,female,15
2013,female,10
2013,female,10
2013,female,2
2013,female,0
2013,female,75
2013,female,52
2013,female,24
2013,female,20
2013,female,5
2013,female,0
2013,female,1
2013,female,4
2013,female,5
2013,female,2
2013,female,1
2013,female,0
2013,female,34
2013,female,2
2013,female,14
2013,female,14
2013,female,8
2013,female,4
2013,female,329
2013,female,281
2013,female,88
2013,female,63
2013,female,72
2013,female,7
2013,female,58
2013,female,95
2013,female,63
2013,female,20
2013,female,5
2013,female,0
2013,female,18
2013,female,7
2013,female,9
2013,female,2
2013,female,1
2013,female,0
2013,female,1
2013,female,0
2013,female,0
2013,female,0
2013,female,0
2013,female,0
2013,female,816
2013,female,1004
2013,female,698
2013,female,1550
2013,female,283
2013,female,16
2013,female,53
2013,female,135
2013,female,119
2013,female,29
2013,female,22
2013,female,6
2013,female,1000
2013,female,1454
2013,female,803
2013,female,1154
2013,female,511
2013,female,54
2013,female,1
2013,female,0
2013,female,0
2013,female,0
2013,female,0
2013,female,0
2013,female,0
2013,female,0
2013,female,0
2013,female,0
2013,female,0
2013,female,0
2013,female,62
2013,female,126
2013,female,82
2013,female,24
2013,female,2
2013,female,0
2013,female,0
2013,female,0
2013,female,0
2013,female,0
2013,female,0
2013,female,0
2013,female,14
2013,female,30
2013,female,40
2013,female,15
2013,female,13
2013,female,0
2013,female,27
2013,female,32
2013,female,7
2013,female,10
2013,female,7
2013,female,0
2013,female,20
2013,female,38
2013,female,18
2013,female,8
2013,female,2
2013,female,0
2013,female,4
2013,female,32
2013,female,32
2013,female,15
2013,female,29
2013,female,8
2013,female,173
2013,female,287
2013,female,373
2013,female,79
2013,female,45
2013,female,3
2013,female,12
2013,female,9
2013,female,4
2013,female,8
2013,female,1
2013,female,0
2013,female,48
2013,female,108
2013,female,117
2013,female,48
2013,female,46
2013,female,1
2013,female,109
2013,female,37
2013,female,100
2013,female,21
2013,female,17
2013,female,1
2013,female,64
2013,female,382
2013,female,190
2013,female,126
2013,female,88
2013,female,6
2013,female,133
2013,female,29
2013,female,73
2013,female,87
2013,female,118
2013,female,23
2013,female,16
2013,female,8
2013,female,3
2013,female,1
2013,female,0
2013,female,0
2013,female,449
2013,female,103
2013,female,232
2013,female,124
2013,female,81
2013,female,4
2013,female,3776
2013,female,2484
2013,female,1285
2013,female,975
2013,female,431
2013,female,143
2013,female,23
2013,female,38
2013,female,25
2013,female,17
2013,female,15
2013,female,5
2013,female,323
2013,female,146
2013,female,99
2013,female,8
2013,female,21
2013,female,31
2014,female,0
2014,female,0
2014,female,0
2014,female,0
2014,female,0
2014,female,0
2014,female,204
2014,female,196
2014,female,118
2014,female,109
2014,female,25
2014,female,35
2014,female,6
2014,female,4
2014,female,2
2014,female,1
2014,female,2
2014,female,0
2014,female,277
2014,female,119
2014,female,157
2014,female,96
2014,female,45
2014,female,15
2014,female,77
2014,female,108
2014,female,93
2014,female,29
2014,female,17
2014,female,0
2014,female,1
2014,female,0
2014,female,0
2014,female,0
2014,female,0
2014,female,0
2014,female,53
2014,female,93
2014,female,68
2014,female,41
2014,female,15
2014,female,6
2014,female,231
2014,female,177
2014,female,83
2014,female,43
2014,female,27
2014,female,0
2014,female,2
2014,female,2
2014,female,1
2014,female,1
2014,female,0
2014,female,0
2014,female,14
2014,female,28
2014,female,23
2014,female,3
2014,female,2
2014,female,0
2014,female,871
2014,female,389
2014,female,457
2014,female,83
2014,female,371
2014,female,62
2014,female,67
2014,female,54
2014,female,33
2014,female,13
2014,female,5
2014,female,0
2014,female,127
2014,female,60
2014,female,58
2014,female,52
2014,female,8
2014,female,9
2014,female,132
2014,female,82
2014,female,43
2014,female,82
2014,female,5
2014,female,27
2014,female,12
2014,female,12
2014,female,2
2014,female,11
2014,female,5
2014,female,3
2014,female,42
2014,female,71
2014,female,49
2014,female,12
2014,female,11
2014,female,1
2014,female,51
2014,female,116
2014,female,107
2014,female,19
2014,female,12
2014,female,2
2014,female,5
2014,female,4
2014,female,3
2014,female,1
2014,female,0
2014,female,0
2014,female,54
2014,female,107
2014,female,94
2014,female,26
2014,female,11
2014,female,1
2014,female,36
2014,female,59
2014,female,50
2014,female,7
2014,female,7
2014,female,1
2014,female,77
2014,female,33
2014,female,16
2014,female,18
2014,female,22
2014,female,1
2014,female,9
2014,female,33
2014,female,24
2014,female,27
2014,female,11
2014,female,4
2014,female,13
2014,female,16
2014,female,8
2014,female,10
2014,female,1
2014,female,0
2014,female,37
2014,female,60
2014,female,59
2014,female,22
2014,female,11
2014,female,1
2014,female,424
2014,female,744
2014,female,778
2014,female,170
2014,female,92
2014,female,12
2014,female,18
2014,female,5
2014,female,5
2014,female,3
2014,female,5
2014,female,0
2014,female,621
2014,female,855
2014,female,801
2014,female,182
2014,female,121
2014,female,8
2014,female,20
2014,female,34
2014,female,42
2014,female,12
2014,female,7
2014,female,0
2014,female,0
2014,female,0
2014,female,0
2014,female,0
2014,female,0
2014,female,0
2014,female,85
2014,female,32
2014,female,8
2014,female,18
2014,female,13
2014,female,0
2014,female,81
2014,female,183
2014,female,152
2014,female,23
2014,female,8
2014,female,0
2014,female,4
2014,female,1
2014,female,2
2014,female,2
2014,female,2
2014,female,0
2014,female,39
2014,female,20
2014,female,11
2014,female,15
2014,female,2
2014,female,0
2014,female,11
2014,female,24
2014,female,29
2014,female,13
2014,female,10
2014,female,1
2014,female,371
2014,female,158
2014,female,275
2014,female,75
2014,female,46
2014,female,7
2014,female,1587
2014,female,2512
2014,female,2158
2014,female,814
2014,female,432
2014,female,34
2014,female,47
2014,female,132
2014,female,126
2014,female,171
2014,female,69
2014,female,18
2014,female,5
2014,female,8
2014,female,1
2014,female,4
2014,female,0
2014,female,0
2014,female,4
2014,female,29
2014,female,22
2014,female,29
2014,female,11
2014,female,8
2014,female,19
2014,female,10
2014,female,20
2014,female,6
2014,female,16
2014,female,0
2014,female,45
2014,female,47
2014,female,43
2014,female,12
2014,female,11
2014,female,3
2014,female,3
2014,female,5
2014,female,2
2014,female,2
2014,female,3
2014,female,0
2014,female,1
2014,female,1
2014,female,1
2014,female,1
2014,female,1
2014,female,0
2014,female,2
2014,female,7
2014,female,7
2014,female,3
2014,female,3
2014,female,2
2014,female,416
2014,female,271
2014,female,333
2014,female,91
2014,female,109
2014,female,8
2014,female,197
2014,female,228
2014,female,61
2014,female,54
2014,female,48
2014,female,1
2014,female,31
2014,female,16
2014,female,2
2014,female,6
2014,female,12
2014,female,3
2014,female,51
2014,female,51
2014,female,20
2014,female,17
2014,female,7
2014,female,1
2014,female,0
2014,female,0
2014,female,0
2014,female,0
2014,female,0
2014,female,0
2014,female,8
2014,female,1
2014,female,5
2014,female,4
2014,female,1
2014,female,1
2014,female,40
2014,female,27
2014,female,20
2014,female,11
2014,female,12
2014,female,0
2014,female,314
2014,female,262
2014,female,79
2014,female,71
2014,female,81
2014,female,4
2014,female,67
2014,female,105
2014,female,95
2014,female,21
2014,female,8
2014,female,2
2014,female,15
2014,female,10
2014,female,4
2014,female,2
2014,female,1
2014,female,0
2014,female,1
2014,female,1
2014,female,1
2014,female,0
2014,female,0
2014,female,0
2014,female,721
2014,female,643
2014,female,961
2014,female,1506
2014,female,257
2014,female,11
2014,female,58
2014,female,138
2014,female,91
2014,female,18
2014,female,14
2014,female,3
2014,female,1019
2014,female,1105
2014,female,1297
2014,female,723
2014,female,467
2014,female,44
2014,female,2
2014,female,1
2014,female,0
2014,female,0
2014,female,0
2014,female,0
2014,female,0
2014,female,0
2014,female,0
2014,female,0
2014,female,0
2014,female,0
2014,female,86
2014,female,103
2014,female,63
2014,female,21
2014,female,4
2014,female,0
2014,female,1
2014,female,1
2014,female,0
2014,female,0
2014,female,0
2014,female,0
2014,female,10
2014,female,34
2014,female,46
2014,female,9
2014,female,5
2014,female,1
2014,female,34
2014,female,7
2014,female,13
2014,female,24
2014,female,5
2014,female,0
2014,female,15
2014,female,21
2014,female,21
2014,female,3
2014,female,3
2014,female,0
2014,female,50
2014,female,32
2014,female,23
2014,female,11
2014,female,2
2014,female,3
2014,female,157
2014,female,294
2014,female,380
2014,female,86
2014,female,50
2014,female,6
2014,female,10
2014,female,6
2014,female,8
2014,female,9
2014,female,1
2014,female,2
2014,female,135
2014,female,45
2014,female,101
2014,female,42
2014,female,36
2014,female,4
2014,female,47
2014,female,88
2014,female,95
2014,female,30
2014,female,14
2014,female,2
2014,female,71
2014,female,240
2014,female,388
2014,female,116
2014,female,49
2014,female,14
2014,female,114
2014,female,23
2014,female,79
2014,female,109
2014,female,65
2014,female,18
2014,female,23
2014,female,14
2014,female,3
2014,female,4
2014,female,0
2014,female,0
2014,female,339
2014,female,465
2014,female,423
2014,female,197
2014,female,118
2014,female,14
2014,female,462
2014,female,262
2014,female,155
2014,female,83
2014,female,103
2014,female,6
2014,female,4018
2014,female,2676
2014,female,1347
2014,female,990
2014,female,477
2014,female,151
2014,female,37
2014,female,45
2014,female,20
2014,female,18
2014,female,11
2014,female,0
2014,female,347
2014,female,162
2014,female,107
2014,female,9
2014,female,44
2014,female,21
2015,female,1
2015,female,0
2015,female,0
2015,female,0
2015,female,0
2015,female,0
2015,female,153
2015,female,125
2015,female,114
2015,female,166
2015,female,27
2015,female,19
2015,female,5
2015,female,5
2015,female,3
2015,female,4
2015,female,2
2015,female,0
2015,female,294
2015,female,110
2015,female,119
2015,female,152
2015,female,52
2015,female,8
2015,female,70
2015,female,100
2015,female,79
2015,female,19
2015,female,21
2015,female,1
2015,female,221
2015,female,87
2015,female,176
2015,female,45
2015,female,21
2015,female,2
2015,female,1
2015,female,2
2015,female,1
2015,female,0
2015,female,0
2015,female,0
2015,female,910
2015,female,479
2015,female,466
2015,female,89
2015,female,397
2015,female,56
2015,female,136
2015,female,78
2015,female,66
2015,female,64
2015,female,21
2015,female,13
2015,female,176
2015,female,111
2015,female,96
2015,female,10
2015,female,45
2015,female,44
2015,female,56
2015,female,75
2015,female,51
2015,female,7
2015,female,6
2015,female,2
2015,female,56
2015,female,104
2015,female,102
2015,female,21
2015,female,17
2015,female,0
2015,female,3
2015,female,2
2015,female,3
2015,female,1
2015,female,0
2015,female,0
2015,female,44
2015,female,80
2015,female,86
2015,female,19
2015,female,20
2015,female,5
2015,female,32
2015,female,67
2015,female,51
2015,female,15
2015,female,6
2015,female,3
2015,female,110
2015,female,56
2015,female,46
2015,female,22
2015,female,5
2015,female,27
2015,female,9
2015,female,12
2015,female,11
2015,female,2
2015,female,1
2015,female,1
2015,female,30
2015,female,55
2015,female,55
2015,female,21
2015,female,12
2015,female,0
2015,female,20
2015,female,13
2015,female,5
2015,female,8
2015,female,2
2015,female,0
2015,female,635
2015,female,908
2015,female,800
2015,female,193
2015,female,136
2015,female,13
2015,female,39
2015,female,17
2015,female,36
2015,female,12
2015,female,3
2015,female,0
2015,female,0
2015,female,0
2015,female,0
2015,female,0
2015,female,0
2015,female,0
2015,female,83
2015,female,3
2015,female,19
2015,female,20
2015,female,6
2015,female,13
2015,female,123
2015,female,181
2015,female,132
2015,female,27
2015,female,15
2015,female,1
2015,female,6
2015,female,2
2015,female,2
2015,female,1
2015,female,0
2015,female,0
2015,female,14
2015,female,17
2015,female,13
2015,female,20
2015,female,8
2015,female,1
2015,female,303
2015,female,156
2015,female,320
2015,female,64
2015,female,34
2015,female,6
2015,female,1509
2015,female,2292
2015,female,2024
2015,female,685
2015,female,408
2015,female,28
2015,female,42
2015,female,127
2015,female,175
2015,female,108
2015,female,65
2015,female,13
2015,female,35
2015,female,4
2015,female,25
2015,female,12
2015,female,7
2015,female,7
2015,female,22
2015,female,30
2015,female,24
2015,female,3
2015,female,2
2015,female,0
2015,female,38
2015,female,55
2015,female,46
2015,female,17
2015,female,10
2015,female,3
2015,female,9
2015,female,2
2015,female,6
2015,female,1
2015,female,1
2015,female,0
2015,female,3
2015,female,1
2015,female,2
2015,female,1
2015,female,0
2015,female,0
2015,female,10
2015,female,7
2015,female,4
2015,female,5
2015,female,0
2015,female,0
2015,female,484
2015,female,267
2015,female,303
2015,female,88
2015,female,95
2015,female,11
2015,female,220
2015,female,211
2015,female,55
2015,female,65
2015,female,34
2015,female,6
2015,female,41
2015,female,19
2015,female,14
2015,female,4
2015,female,7
2015,female,0
2015,female,62
2015,female,31
2015,female,61
2015,female,17
2015,female,17
2015,female,2
2015,female,8
2015,female,4
2015,female,3
2015,female,4
2015,female,0
2015,female,0
2015,female,251
2015,female,256
2015,female,77
2015,female,61
2015,female,71
2015,female,7
2015,female,10
2015,female,5
2015,female,7
2015,female,2
2015,female,1
2015,female,0
2015,female,5
2015,female,2
2015,female,2
2015,female,0
2015,female,0
2015,female,0
2015,female,750
2015,female,990
2015,female,572
2015,female,1372
2015,female,256
2015,female,14
2015,female,66
2015,female,129
2015,female,104
2015,female,24
2015,female,15
2015,female,4
2015,female,953
2015,female,1391
2015,female,730
2015,female,1062
2015,female,378
2015,female,57
2015,female,1
2015,female,0
2015,female,0
2015,female,0
2015,female,0
2015,female,0
2015,female,77
2015,female,98
2015,female,65
2015,female,21
2015,female,7
2015,female,1
2015,female,1
2015,female,0
2015,female,0
2015,female,0
2015,female,0
2015,female,0
2015,female,13
2015,female,28
2015,female,18
2015,female,15
2015,female,36
2015,female,1
2015,female,19
2015,female,40
2015,female,23
2015,female,5
2015,female,3
2015,female,0
2015,female,34
2015,female,27
2015,female,26
2015,female,2
2015,female,10
2015,female,6
2015,female,168
2015,female,281
2015,female,360
2015,female,66
2015,female,47
2015,female,1
2015,female,102
2015,female,100
2015,female,48
2015,female,38
2015,female,38
2015,female,5
2015,female,41
2015,female,111
2015,female,82
2015,female,20
2015,female,24
2015,female,2
2015,female,248
2015,female,63
2015,female,363
2015,female,96
2015,female,55
2015,female,14
2015,female,131
2015,female,25
2015,female,72
2015,female,109
2015,female,42
2015,female,18
2015,female,21
2015,female,11
2015,female,1
2015,female,3
2015,female,5
2015,female,0
2015,female,296
2015,female,399
2015,female,427
2015,female,117
2015,female,168
2015,female,19
2015,female,473
2015,female,306
2015,female,181
2015,female,108
2015,female,104
2015,female,6
2015,female,4053
2015,female,2872
2015,female,1444
2015,female,1132
2015,female,540
2015,female,158
2015,female,17
2015,female,34
2015,female,23
2015,female,38
2015,female,17
2015,female,2
2016,female,2
2016,female,6
2016,female,3
2016,female,2
2016,female,1
2016,female,61
2016,female,99
2016,female,95
2016,female,22
2016,female,18
2016,female,40
2016,female,69
2016,female,47
2016,female,6
2016,female,6
2016,female,3
2016,female,1
2016,female,1
2016,female,0
2016,female,0
2016,female,86
2016,female,91
2016,female,25
2016,female,34
2016,female,22
2016,female,0
2016,female,0
2016,female,0
2016,female,0
2016,female,0
2016,female,120
2016,female,161
2016,female,121
2016,female,30
2016,female,14
2016,female,2
2016,female,2
2016,female,0
2016,female,0
2016,female,0
2016,female,29
2016,female,45
2016,female,41
2016,female,8
2016,female,6
2016,female,4
2016,female,3
2016,female,6
2016,female,2
2016,female,0
2016,female,3
2016,female,18
2016,female,15
2016,female,15
2016,female,1
2016,female,87
2016,female,209
2016,female,217
2016,female,65
2016,female,35
2016,female,3
2016,female,2
2016,female,0
2016,female,0
2016,female,0
2016,female,61
2016,female,112
2016,female,96
2016,female,27
2016,female,14
2016,female,119
2016,female,104
2016,female,45
2016,female,44
2016,female,36
2016,female,69
2016,female,222
2016,female,375
2016,female,116
2016,female,60
